model,train_accuracy,test_accuracy,precision_macro,recall_macro,f1_macro,roc_auc_macro_ovr
XGBoost,0.9877675840978594,0.5975609756097561,0.6049405878674171,0.5817855979146301,0.5878557983821141,0.7463320850904714
DecisionTree,0.6697247706422018,0.5487804878048781,0.57168458781362,0.5497990659280981,0.5587289444231941,0.7450288965170623
LogisticRegressionCV,0.6146788990825688,0.5365853658536586,0.5693244739756368,0.5299771912675139,0.5415100250626567,0.6957228313286866
Dummy,0.4036697247706422,0.4024390243902439,0.13414634146341464,0.3333333333333333,0.19130434782608696,0.5
